"label","batch","type","time"
"QC000","A","QC",1
"validate01","A","validate",2
"GB001617","A","Sample",3
"GB001333","A","Sample",4
"GB001191","A","Sample",5
"GB001827","A","Sample",6
"GB001722","A","Sample",7
"GB001468","A","Sample",8
"GB001543","A","Sample",9
"GB001347","A","Sample",10
"GB001762","A","Sample",11
"GB001719","A","Sample",12
"QC001","A","QC",13
"GB001531","A","Sample",14
"GB001540","A","Sample",15
"GB001341","A","Sample",16
"GB001588","A","Sample",17
"GB001301","A","Sample",18
"GB001234","A","Sample",19
"GB001283","A","Sample",20
"GB001126","A","Sample",21
"GB001052","A","Sample",22
"GB001630","A","Sample",23
"QC002","A","QC",24
"GB001131","A","Sample",25
"GB001684","A","Sample",26
"GB001235","A","Sample",27
"GB001705","A","Sample",28
"GB001648","A","Sample",29
"GB001773","A","Sample",30
"GB001137","A","Sample",31
"GB001625","A","Sample",32
"GB001519","A","Sample",33
"GB001098","A","Sample",34
"QC003","A","QC",35
"GB001317","A","Sample",36
"GB001127","A","Sample",37
"GB001431","A","Sample",38
"GB001130","A","Sample",39
"GB001774","A","Sample",40
"GB001491","A","Sample",41
"GB001675","A","Sample",42
"GB001091","A","Sample",43
"GB001671","A","Sample",44
"GB001071","A","Sample",45
"QC004","A","QC",46
"GB001548","A","Sample",47
"GB001291","A","Sample",48
"GB001419","A","Sample",49
"GB001545","A","Sample",50
"GB001285","A","Sample",51
"GB001750","A","Sample",52
"GB001823","A","Sample",53
"GB001739","A","Sample",54
"GB001292","A","Sample",55
"GB001059","A","Sample",56
"QC005","A","QC",57
"GB001689","A","Sample",58
"GB001829","A","Sample",59
"GB001634","A","Sample",60
"GB001389","A","Sample",61
"GB002470","A","Sample",62
"GB002086","A","Sample",63
"GB002053","A","Sample",64
"GB001997","A","Sample",65
"GB002075","A","Sample",66
"GB001851","A","Sample",67
"QC006","A","QC",68
"GB002146","A","Sample",69
"GB002198","A","Sample",70
"GB001922","A","Sample",71
"GB002248","A","Sample",72
"GB002115","A","Sample",73
"GB002286","A","Sample",74
"GB001933","A","Sample",75
"GB001945","A","Sample",76
"GB002381","A","Sample",77
"GB001944","A","Sample",78
"QC007","A","QC",79
"GB002056","A","Sample",80
"GB002272","A","Sample",81
"GB002449","A","Sample",82
"GB002335","A","Sample",83
"GB002195","A","Sample",84
"GB002512","A","Sample",85
"GB002026","A","Sample",86
"GB001832","A","Sample",87
"GB001913","A","Sample",88
"GB002008","A","Sample",89
"QC008","A","QC",90
"GB002182","A","Sample",91
"GB002134","A","Sample",92
"GB001953","A","Sample",93
"GB001902","A","Sample",94
"GB002126","A","Sample",95
"GB002070","A","Sample",96
"GB001981","A","Sample",97
"GB002349","A","Sample",98
"GB001929","A","Sample",99
"GB002474","A","Sample",100
"QC009","A","QC",101
"GB002522","A","Sample",102
"GB001926","A","Sample",103
"GB002437","A","Sample",104
"GB002497","A","Sample",105
"GB002095","A","Sample",106
"GB002164","A","Sample",107
"GB002152","A","Sample",108
"GB002416","A","Sample",109
"GB002166","A","Sample",110
"GB002328","A","Sample",111
"QC010","A","QC",112
"validate02","A","validate",113
"GB001976","A","Sample",114
"GB002035","A","Sample",115
"GB002041","A","Sample",116
"GB002266","A","Sample",117
"GB002244","A","Sample",118
"GB002276","A","Sample",119
"GB002360","A","Sample",120
"GB002237","A","Sample",121
"GB002585","A","Sample",122
"GB003087","A","Sample",123
"QC011","A","QC",124
"GB003117","A","Sample",125
"GB003147","A","Sample",126
"GB002966","A","Sample",127
"GB002577","A","Sample",128
"GB002821","A","Sample",129
"GB002886","A","Sample",130
"GB002548","A","Sample",131
"GB003188","A","Sample",132
"GB002596","A","Sample",133
"GB002781","A","Sample",134
"QC012","A","QC",135
"GB002570","A","Sample",136
"GB002924","A","Sample",137
"GB002949","A","Sample",138
"GB003073","A","Sample",139
"GB003176","A","Sample",140
"GB002957","A","Sample",141
"GB002604","A","Sample",142
"GB002876","A","Sample",143
"GB002710","A","Sample",144
"GB002659","A","Sample",145
"QC013","A","QC",146
"GB002941","A","Sample",147
"GB003093","A","Sample",148
"GB002766","A","Sample",149
"GB003041","A","Sample",150
"GB003074","A","Sample",151
"GB002563","A","Sample",152
"GB002984","A","Sample",153
"GB003178","A","Sample",154
"GB002760","A","Sample",155
"GB002724","A","Sample",156
"QC014","A","QC",157
"GB002740","A","Sample",158
"GB002836","A","Sample",159
"GB002796","A","Sample",160
"GB002756","A","Sample",161
"GB003174","A","Sample",162
"GB002572","A","Sample",163
"GB002600","A","Sample",164
"GB002608","A","Sample",165
"GB003103","A","Sample",166
"GB002792","A","Sample",167
"QC015","A","QC",168
"GB002593","A","Sample",169
"GB002674","A","Sample",170
"GB002529","A","Sample",171
"GB002645","A","Sample",172
"GB003173","A","Sample",173
"GB002531","A","Sample",174
"GB002992","A","Sample",175
"GB003078","A","Sample",176
"GB002638","A","Sample",177
"GB002800","A","Sample",178
"QC016","A","QC",179
"GB002571","A","Sample",180
"GB002655","A","Sample",181
"GB003225","A","Sample",182
"GB003961","A","Sample",183
"GB003943","A","Sample",184
"GB003722","A","Sample",185
"GB003957","A","Sample",186
"GB003660","A","Sample",187
"GB003266","A","Sample",188
"QC017","A","QC",189
"GB003383","A","Sample",190
"GB003492","A","Sample",191
"GB003598","A","Sample",192
"GB003604","A","Sample",193
"GB003621","A","Sample",194
"GB003236","A","Sample",195
"GB003949","A","Sample",196
"GB003353","A","Sample",197
"GB003899","A","Sample",198
"GB003922","A","Sample",199
"QC018","A","QC",200
"GB003373","A","Sample",201
"GB003370","A","Sample",202
"GB003389","A","Sample",203
"GB003309","A","Sample",204
"GB003788","A","Sample",205
"GB003191","A","Sample",206
"GB003411","A","Sample",207
"GB003252","A","Sample",208
"GB003498","A","Sample",209
"QC019","A","QC",210
"GB003277","A","Sample",211
"GB003475","A","Sample",212
"GB003531","A","Sample",213
"GB003301","A","Sample",214
"GB003222","A","Sample",215
"GB003683","A","Sample",216
"GB003845","A","Sample",217
"GB003262","A","Sample",218
"GB003984","A","Sample",219
"QC020","A","QC",220
"validate03","A","validate",221
"GB003205","A","Sample",222
"GB003445","A","Sample",223
"GB003897","A","Sample",224
"GB003999","A","Sample",225
"GB003686","A","Sample",226
"GB003959","A","Sample",227
"GB003861","A","Sample",228
"GB003589","A","Sample",229
"GB003588","A","Sample",230
"QC021","A","QC",231
"GB003730","A","Sample",232
"GB003911","A","Sample",233
"GB003344","A","Sample",234
"GB003975","A","Sample",235
"GB003930","A","Sample",236
"GB003239","A","Sample",237
"GB004064","A","Sample",238
"GB004042","A","Sample",239
"GB004071","A","Sample",240
"GB004194","A","Sample",241
"QC022","A","QC",242
"GB004277","A","Sample",243
"GB004142","A","Sample",244
"GB004231","A","Sample",245
"GB004025","A","Sample",246
"GB004078","A","Sample",247
"GB004172","A","Sample",248
"GB004144","A","Sample",249
"GB004228","A","Sample",250
"GB004203","A","Sample",251
"GB004020","A","Sample",252
"QC023","A","QC",253
"GB004248","A","Sample",254
"GB004224","A","Sample",255
"GB004180","A","Sample",256
"GB004211","A","Sample",257
"GB004222","A","Sample",258
"GB004166","A","Sample",259
"GB004245","A","Sample",260
"GB004209","A","Sample",261
"GB004163","A","Sample",262
"QC024","A","QC",263
"GB004119","A","Sample",264
"GB004130","A","Sample",265
"GB004214","A","Sample",266
"GB004225","A","Sample",267
"GB004249","A","Sample",268
"GB004189","A","Sample",269
"GB004164","A","Sample",270
"GB004268","A","Sample",271
"GB004258","A","Sample",272
"QC025","A","QC",273
"GB004221","A","Sample",274
"GB004100","A","Sample",275
"GB004182","A","Sample",276
"GB004183","A","Sample",277
"GB004274","A","Sample",278
"GB004262","A","Sample",279
"GB004254","A","Sample",280
"GB004264","A","Sample",281
"GB004179","A","Sample",282
"GB004213","A","Sample",283
"QC026","A","QC",284
"GB004200","A","Sample",285
"GB004276","A","Sample",286
"GB004155","A","Sample",287
"GB004246","A","Sample",288
"GB004186","A","Sample",289
"GB004212","A","Sample",290
"GB004233","A","Sample",291
"GB004260","A","Sample",292
"GB004207","A","Sample",293
"GB004027","A","Sample",294
"QC027","A","QC",295
"GB004337","A","Sample",296
"GB004372","A","Sample",297
"GB004285","A","Sample",298
"GB004333","A","Sample",299
"GB004377","A","Sample",300
"GB004343","A","Sample",301
"GB004362","A","Sample",302
"GB004297","A","Sample",303
"GB004286","A","Sample",304
"GB004345","A","Sample",305
"QC028","A","QC",306
"GB004353","A","Sample",307
"GB004339","A","Sample",308
"GB004370","A","Sample",309
"GB004323","A","Sample",310
"GB004347","A","Sample",311
"GB004349","A","Sample",312
"GB004357","A","Sample",313
"GB004287","A","Sample",314
"GB004331","A","Sample",315
"GB004327","A","Sample",316
"QC029","A","QC",317
"GB004303","A","Sample",318
"GB004350","A","Sample",319
"GB004344","A","Sample",320
"GB004308","A","Sample",321
"GB004367","A","Sample",322
"GB004334","A","Sample",323
"GB004288","A","Sample",324
"GB004376","A","Sample",325
"GB004368","A","Sample",326
"QC030","A","QC",327
"GB003415","A","Sample",328
"GB003691","A","Sample",329
"GB003504","A","Sample",330
"GB003742","A","Sample",331
"GB004197","A","Sample",332
"GB004171","A","Sample",333
"GB004332","A","Sample",334
"QC031","A","QC",335
"QC000_1","B","QC",336
"validate01_1","B","validate",337
"GB004487","B","Sample",338
"GB004446","B","Sample",339
"GB004419","B","Sample",340
"GB004542","B","Sample",341
"GB004513","B","Sample",342
"GB004466","B","Sample",343
"GB004481","B","Sample",344
"GB004454","B","Sample",345
"GB004525","B","Sample",346
"GB004512","B","Sample",347
"QC001_1","B","QC",348
"GB004471","B","Sample",349
"GB004478","B","Sample",350
"GB004450","B","Sample",351
"GB004486","B","Sample",352
"GB004438","B","Sample",353
"GB004420","B","Sample",354
"GB004428","B","Sample",355
"GB004405","B","Sample",356
"GB004378","B","Sample",357
"GB004495","B","Sample",358
"QC002_1","B","QC",359
"GB004417","B","Sample",360
"GB004502","B","Sample",361
"GB004423","B","Sample",362
"GB004509","B","Sample",363
"GB004498","B","Sample",364
"GB004531","B","Sample",365
"GB004418","B","Sample",366
"GB004490","B","Sample",367
"GB004468","B","Sample",368
"GB004394","B","Sample",369
"QC003_1","B","QC",370
"GB004443","B","Sample",371
"GB004407","B","Sample",372
"GB004465","B","Sample",373
"GB004410","B","Sample",374
"GB004532","B","Sample",375
"GB004467","B","Sample",376
"GB004501","B","Sample",377
"GB004390","B","Sample",378
"GB004499","B","Sample",379
"GB004389","B","Sample",380
"QC004_1","B","QC",381
"GB004484","B","Sample",382
"GB004433","B","Sample",383
"GB004458","B","Sample",384
"GB004483","B","Sample",385
"GB004432","B","Sample",386
"GB004523","B","Sample",387
"GB004537","B","Sample",388
"GB004521","B","Sample",389
"GB004436","B","Sample",390
"GB004379","B","Sample",391
"QC005_1","B","QC",392
"GB004508","B","Sample",393
"GB004544","B","Sample",394
"GB004496","B","Sample",395
"GB004456","B","Sample",396
"GB004710","B","Sample",397
"GB004617","B","Sample",398
"GB004605","B","Sample",399
"GB004583","B","Sample",400
"GB004616","B","Sample",401
"GB004552","B","Sample",402
"QC006_1","B","QC",403
"GB004628","B","Sample",404
"GB004658","B","Sample",405
"GB004559","B","Sample",406
"GB004667","B","Sample",407
"GB004623","B","Sample",408
"GB004675","B","Sample",409
"GB004568","B","Sample",410
"GB004574","B","Sample",411
"GB004696","B","Sample",412
"GB004569","B","Sample",413
"QC007_1","B","QC",414
"GB004611","B","Sample",415
"GB004670","B","Sample",416
"GB004709","B","Sample",417
"GB004684","B","Sample",418
"GB004649","B","Sample",419
"GB004714","B","Sample",420
"GB004595","B","Sample",421
"GB004546","B","Sample",422
"GB004557","B","Sample",423
"GB004594","B","Sample",424
"QC008_1","B","QC",425
"GB004645","B","Sample",426
"GB004625","B","Sample",427
"GB004575","B","Sample",428
"GB004556","B","Sample",429
"GB004624","B","Sample",430
"GB004615","B","Sample",431
"GB004580","B","Sample",432
"GB004688","B","Sample",433
"GB004564","B","Sample",434
"GB004711","B","Sample",435
"QC009_1","B","QC",436
"GB004715","B","Sample",437
"GB004560","B","Sample",438
"GB004705","B","Sample",439
"GB004712","B","Sample",440
"GB004619","B","Sample",441
"GB004631","B","Sample",442
"GB004629","B","Sample",443
"GB004701","B","Sample",444
"GB004634","B","Sample",445
"GB004676","B","Sample",446
"QC010_1","B","QC",447
"validate02_1","B","validate",448
"GB004577","B","Sample",449
"GB004601","B","Sample",450
"GB004603","B","Sample",451
"GB004668","B","Sample",452
"GB004665","B","Sample",453
"GB004672","B","Sample",454
"GB004695","B","Sample",455
"GB004662","B","Sample",456
"GB004744","B","Sample",457
"GB004838","B","Sample",458
"QC011_1","B","QC",459
"GB004843","B","Sample",460
"GB004846","B","Sample",461
"GB004824","B","Sample",462
"GB004742","B","Sample",463
"GB004796","B","Sample",464
"GB004809","B","Sample",465
"GB004728","B","Sample",466
"GB004855","B","Sample",467
"GB004749","B","Sample",468
"GB004780","B","Sample",469
"QC012_1","B","QC",470
"GB004733","B","Sample",471
"GB004812","B","Sample",472
"GB004820","B","Sample",473
"GB004828","B","Sample",474
"GB004851","B","Sample",475
"GB004821","B","Sample",476
"GB004753","B","Sample",477
"GB004802","B","Sample",478
"GB004767","B","Sample",479
"GB004760","B","Sample",480
"QC013_1","B","QC",481
"GB004817","B","Sample",482
"GB004839","B","Sample",483
"GB004775","B","Sample",484
"GB004827","B","Sample",485
"GB004831","B","Sample",486
"GB004732","B","Sample",487
"GB004825","B","Sample",488
"GB004854","B","Sample",489
"GB004772","B","Sample",490
"GB004769","B","Sample",491
"QC014_1","B","QC",492
"GB004770","B","Sample",493
"GB004800","B","Sample",494
"GB004793","B","Sample",495
"GB004771","B","Sample",496
"GB004848","B","Sample",497
"GB004736","B","Sample",498
"GB004750","B","Sample",499
"GB004754","B","Sample",500
"GB004841","B","Sample",501
"GB004787","B","Sample",502
"QC015_1","B","QC",503
"GB004748","B","Sample",504
"GB004762","B","Sample",505
"GB004720","B","Sample",506
"GB004758","B","Sample",507
"GB004847","B","Sample",508
"GB004727","B","Sample",509
"GB004826","B","Sample",510
"GB004835","B","Sample",511
"GB004755","B","Sample",512
"GB004795","B","Sample",513
"QC016_1","B","QC",514
"GB004734","B","Sample",515
"GB004759","B","Sample",516
"GB004870","B","Sample",517
"GB004989","B","Sample",518
"GB004981","B","Sample",519
"GB004948","B","Sample",520
"GB004986","B","Sample",521
"GB004943","B","Sample",522
"GB004885","B","Sample",523
"GB004915","B","Sample",524
"QC017_1","B","QC",525
"GB004901","B","Sample",526
"GB004923","B","Sample",527
"GB004939","B","Sample",528
"GB004940","B","Sample",529
"GB004942","B","Sample",530
"GB004876","B","Sample",531
"GB004983","B","Sample",532
"GB004967","B","Sample",533
"GB004979","B","Sample",534
"QC018_1","B","QC",535
"GB004900","B","Sample",536
"GB004899","B","Sample",537
"GB004902","B","Sample",538
"GB004888","B","Sample",539
"GB004953","B","Sample",540
"GB004857","B","Sample",541
"GB004904","B","Sample",542
"GB004882","B","Sample",543
"GB004928","B","Sample",544
"GB004947","B","Sample",545
"QC019_1","B","QC",546
"GB004886","B","Sample",547
"GB004929","B","Sample",548
"GB004918","B","Sample",549
"GB004932","B","Sample",550
"GB004887","B","Sample",551
"GB004867","B","Sample",552
"GB004944","B","Sample",553
"GB004883","B","Sample",554
"GB005000","B","Sample",555
"QC020_1","B","QC",556
"validate03_1","B","validate",557
"GB004860","B","Sample",558
"GB004916","B","Sample",559
"GB004966","B","Sample",560
"GB005001","B","Sample",561
"GB004946","B","Sample",562
"GB004987","B","Sample",563
"GB004965","B","Sample",564
"GB004938","B","Sample",565
"GB004935","B","Sample",566
"GB004952","B","Sample",567
"QC021_1","B","QC",568
"GB004949","B","Sample",569
"GB004970","B","Sample",570
"GB004891","B","Sample",571
"GB004990","B","Sample",572
"GB004980","B","Sample",573
"GB004877","B","Sample",574
"GB005023","B","Sample",575
"GB005019","B","Sample",576
"GB005024","B","Sample",577
"GB005117","B","Sample",578
"QC022_1","B","QC",579
"GB005207","B","Sample",580
"GB005057","B","Sample",581
"GB005163","B","Sample",582
"GB005010","B","Sample",583
"GB005028","B","Sample",584
"GB005082","B","Sample",585
"GB005062","B","Sample",586
"GB005161","B","Sample",587
"GB005131","B","Sample",588
"GB005004","B","Sample",589
"QC023_1","B","QC",590
"GB005180","B","Sample",591
"GB005157","B","Sample",592
"GB005089","B","Sample",593
"GB005126","B","Sample",594
"GB005142","B","Sample",595
"GB005155","B","Sample",596
"GB005071","B","Sample",597
"GB005176","B","Sample",598
"GB005141","B","Sample",599
"GB005066","B","Sample",600
"QC024_1","B","QC",601
"GB005049","B","Sample",602
"GB005072","B","Sample",603
"GB005050","B","Sample",604
"GB005152","B","Sample",605
"GB005160","B","Sample",606
"GB005181","B","Sample",607
"GB005111","B","Sample",608
"GB005067","B","Sample",609
"GB005199","B","Sample",610
"GB005188","B","Sample",611
"QC025_1","B","QC",612
"GB005153","B","Sample",613
"GB005041","B","Sample",614
"GB005103","B","Sample",615
"GB005109","B","Sample",616
"GB005202","B","Sample",617
"GB005191","B","Sample",618
"GB005184","B","Sample",619
"GB005194","B","Sample",620
"GB005087","B","Sample",621
"GB005148","B","Sample",622
"QC026_1","B","QC",623
"GB005127","B","Sample",624
"GB005203","B","Sample",625
"GB005065","B","Sample",626
"GB005177","B","Sample",627
"GB005110","B","Sample",628
"GB005144","B","Sample",629
"GB005164","B","Sample",630
"GB005189","B","Sample",631
"GB005139","B","Sample",632
"GB005017","B","Sample",633
"QC027_1","B","QC",634
"GB005265","B","Sample",635
"GB005313","B","Sample",636
"GB005213","B","Sample",637
"GB005261","B","Sample",638
"GB005320","B","Sample",639
"GB005271","B","Sample",640
"GB005304","B","Sample",641
"GB005219","B","Sample",642
"GB005214","B","Sample",643
"GB005278","B","Sample",644
"QC028_1","B","QC",645
"GB005297","B","Sample",646
"GB005269","B","Sample",647
"GB005309","B","Sample",648
"GB005254","B","Sample",649
"GB005285","B","Sample",650
"GB005289","B","Sample",651
"GB005298","B","Sample",652
"GB005216","B","Sample",653
"GB005259","B","Sample",654
"GB005256","B","Sample",655
"QC029_1","B","QC",656
"GB005227","B","Sample",657
"GB005295","B","Sample",658
"GB005273","B","Sample",659
"GB005243","B","Sample",660
"GB005260","B","Sample",661
"GB005306","B","Sample",662
"GB005263","B","Sample",663
"GB005217","B","Sample",664
"GB005314","B","Sample",665
"GB005307","B","Sample",666
"QC030_1","B","QC",667
"QC031_1","B","QC",668
"GB004897","B","Sample",669
"GB004961","B","Sample",670
"QC032","B","QC",671
"QC000_2","C","QC",672
"validate01_2","C","validate",673
"GB005324","C","Sample",674
"GB005329","C","Sample",675
"GB005331","C","Sample",676
"GB005333","C","Sample",677
"GB005335","C","Sample",678
"GB005338","C","Sample",679
"GB005340","C","Sample",680
"GB005341","C","Sample",681
"GB005344","C","Sample",682
"GB005345","C","Sample",683
"QC001_2","C","QC",684
"GB005348","C","Sample",685
"GB005352","C","Sample",686
"GB005354","C","Sample",687
"GB005361","C","Sample",688
"GB005362","C","Sample",689
"GB005363","C","Sample",690
"GB005367","C","Sample",691
"GB005370","C","Sample",692
"GB005376","C","Sample",693
"GB005384","C","Sample",694
"QC002_2","C","QC",695
"GB005385","C","Sample",696
"GB005390","C","Sample",697
"GB005392","C","Sample",698
"GB005394","C","Sample",699
"GB005396","C","Sample",700
"GB005406","C","Sample",701
"GB005409","C","Sample",702
"GB005411","C","Sample",703
"GB005412","C","Sample",704
"QC003_2","C","QC",705
"GB005414","C","Sample",706
"GB005417","C","Sample",707
"GB005426","C","Sample",708
"GB005427","C","Sample",709
"GB005436","C","Sample",710
"GB005441","C","Sample",711
"GB005443","C","Sample",712
"GB005449","C","Sample",713
"GB005453","C","Sample",714
"QC004_2","C","QC",715
"GB005454","C","Sample",716
"GB005455","C","Sample",717
"GB005458","C","Sample",718
"GB005463","C","Sample",719
"GB005472","C","Sample",720
"GB005482","C","Sample",721
"GB005493","C","Sample",722
"GB005495","C","Sample",723
"GB005497","C","Sample",724
"GB005498","C","Sample",725
"QC005_2","C","QC",726
"GB005504","C","Sample",727
"GB005508","C","Sample",728
"GB005514","C","Sample",729
"GB005516","C","Sample",730
"GB005518","C","Sample",731
"GB005526","C","Sample",732
"GB005528","C","Sample",733
"GB005530","C","Sample",734
"GB005533","C","Sample",735
"GB005534","C","Sample",736
"QC006_2","C","QC",737
"GB005535","C","Sample",738
"GB005540","C","Sample",739
"GB005541","C","Sample",740
"GB005542","C","Sample",741
"GB005545","C","Sample",742
"GB005549","C","Sample",743
"GB005554","C","Sample",744
"GB005560","C","Sample",745
"GB005563","C","Sample",746
"GB005568","C","Sample",747
"QC007_2","C","QC",748
"GB005574","C","Sample",749
"GB005580","C","Sample",750
"GB005581","C","Sample",751
"GB005588","C","Sample",752
"GB005594","C","Sample",753
"GB005600","C","Sample",754
"GB005602","C","Sample",755
"GB005603","C","Sample",756
"GB005604","C","Sample",757
"GB005607","C","Sample",758
"QC008_2","C","QC",759
"GB005608","C","Sample",760
"GB005609","C","Sample",761
"GB005611","C","Sample",762
"GB005613","C","Sample",763
"GB005618","C","Sample",764
"GB005622","C","Sample",765
"GB005625","C","Sample",766
"GB005627","C","Sample",767
"GB005628","C","Sample",768
"GB005633","C","Sample",769
"QC009_2","C","QC",770
"GB005635","C","Sample",771
"GB005638","C","Sample",772
"GB005641","C","Sample",773
"GB005642","C","Sample",774
"GB005645","C","Sample",775
"GB005646","C","Sample",776
"GB005647","C","Sample",777
"GB005649","C","Sample",778
"GB005653","C","Sample",779
"GB005655","C","Sample",780
"QC010_2","C","QC",781
"validate02_2","C","validate",782
"GB005660","C","Sample",783
"GB005661","C","Sample",784
"GB005670","C","Sample",785
"GB005676","C","Sample",786
"GB005686","C","Sample",787
"GB005690","C","Sample",788
"GB005691","C","Sample",789
"GB005694","C","Sample",790
"GB005696","C","Sample",791
"GB005697","C","Sample",792
"QC011_2","C","QC",793
"GB005703","C","Sample",794
"GB005707","C","Sample",795
"GB005713","C","Sample",796
"GB005717","C","Sample",797
"GB005720","C","Sample",798
"GB005721","C","Sample",799
"GB005722","C","Sample",800
"GB005726","C","Sample",801
"GB005735","C","Sample",802
"GB005736","C","Sample",803
"QC012_2","C","QC",804
"GB005746","C","Sample",805
"GB005750","C","Sample",806
"GB005751","C","Sample",807
"GB005756","C","Sample",808
"GB005761","C","Sample",809
"GB005768","C","Sample",810
"GB005770","C","Sample",811
"GB005773","C","Sample",812
"GB005774","C","Sample",813
"GB005775","C","Sample",814
"QC013_2","C","QC",815
"GB005777","C","Sample",816
"GB005780","C","Sample",817
"GB005781","C","Sample",818
"GB005783","C","Sample",819
"GB005788","C","Sample",820
"GB005790","C","Sample",821
"GB005791","C","Sample",822
"GB005798","C","Sample",823
"GB005805","C","Sample",824
"GB005808","C","Sample",825
"QC014_2","C","QC",826
"GB005812","C","Sample",827
"GB005819","C","Sample",828
"GB005821","C","Sample",829
"GB005824","C","Sample",830
"GB005838","C","Sample",831
"GB005865","C","Sample",832
"GB005866","C","Sample",833
"GB005881","C","Sample",834
"GB005883","C","Sample",835
"GB005898","C","Sample",836
"QC015_2","C","QC",837
"GB005903","C","Sample",838
"GB005907","C","Sample",839
"GB005938","C","Sample",840
"GB005950","C","Sample",841
"GB005969","C","Sample",842
"GB005971","C","Sample",843
"GB005973","C","Sample",844
"GB006003","C","Sample",845
"GB006024","C","Sample",846
"GB006026","C","Sample",847
"QC016_2","C","QC",848
"GB006055","C","Sample",849
"GB006076","C","Sample",850
"GB006109","C","Sample",851
"GB006134","C","Sample",852
"GB006138","C","Sample",853
"GB006145","C","Sample",854
"GB006148","C","Sample",855
"GB006150","C","Sample",856
"GB009366","C","Sample",857
"GB009411","C","Sample",858
"QC017_2","C","QC",859
"GB009466","C","Sample",860
"GB009492","C","Sample",861
"GB009501","C","Sample",862
"GB009504","C","Sample",863
"GB009516","C","Sample",864
"GB009531","C","Sample",865
"GB009537","C","Sample",866
"GB009538","C","Sample",867
"GB009552","C","Sample",868
"GB009568","C","Sample",869
"QC018_2","C","QC",870
"GB009589","C","Sample",871
"GB009661","C","Sample",872
"GB009671","C","Sample",873
"GB009674","C","Sample",874
"GB009676","C","Sample",875
"GB009677","C","Sample",876
"GB014911","C","Sample",877
"GB014912","C","Sample",878
"GB015016","C","Sample",879
"GB015024","C","Sample",880
"QC019_2","C","QC",881
"GB015029","C","Sample",882
"GB015057","C","Sample",883
"GB015059","C","Sample",884
"GB015090","C","Sample",885
"GB015102","C","Sample",886
"GB015104","C","Sample",887
"GB015108","C","Sample",888
"GB015113","C","Sample",889
"GB015133","C","Sample",890
"GB015136","C","Sample",891
"QC020_2","C","QC",892
"validate03_2","C","validate",893
"GB015144","C","Sample",894
"GB015160","C","Sample",895
"GB015164","C","Sample",896
"GB015170","C","Sample",897
"GB015173","C","Sample",898
"GB015179","C","Sample",899
"GB015185","C","Sample",900
"GB015295","C","Sample",901
"GB015300","C","Sample",902
"GB015310","C","Sample",903
"QC021_2","C","QC",904
"GB015314","C","Sample",905
"GB015315","C","Sample",906
"GB015318","C","Sample",907
"GB015378","C","Sample",908
"GB015395","C","Sample",909
"GB015400","C","Sample",910
"GB015414","C","Sample",911
"GB015416","C","Sample",912
"GB015418","C","Sample",913
"GB015422","C","Sample",914
"QC022_2","C","QC",915
"GB015428","C","Sample",916
"GB015483","C","Sample",917
"GB015516","C","Sample",918
"GB015518","C","Sample",919
"GB015536","C","Sample",920
"GB015544","C","Sample",921
"GB015545","C","Sample",922
"GB015553","C","Sample",923
"GB015750","C","Sample",924
"QC023_2","C","QC",925
"GB015758","C","Sample",926
"GB015760","C","Sample",927
"GB015761","C","Sample",928
"GB015762","C","Sample",929
"GB015767","C","Sample",930
"GB015800","C","Sample",931
"GB015808","C","Sample",932
"GB015817","C","Sample",933
"GB031749","C","Sample",934
"GB031751","C","Sample",935
"QC024_2","C","QC",936
"GB031773","C","Sample",937
"GB031775","C","Sample",938
"GB031784","C","Sample",939
"GB031847","C","Sample",940
"GB031871","C","Sample",941
"GB031872","C","Sample",942
"GB031893","C","Sample",943
"GB031917","C","Sample",944
"GB031927","C","Sample",945
"GB031934","C","Sample",946
"QC025_2","C","QC",947
"GB031971","C","Sample",948
"GB031977","C","Sample",949
"GB031991","C","Sample",950
"GB032009","C","Sample",951
"GB032037","C","Sample",952
"GB032049","C","Sample",953
"GB032050","C","Sample",954
"GB032054","C","Sample",955
"GB032056","C","Sample",956
"GB032059","C","Sample",957
"QC026_2","C","QC",958
"GB032082","C","Sample",959
"GB032090","C","Sample",960
"GB032092","C","Sample",961
"GB032105","C","Sample",962
"GB032113","C","Sample",963
"GB032235","C","Sample",964
"GB032272","C","Sample",965
"GB032300","C","Sample",966
"GB032305","C","Sample",967
"GB032316","C","Sample",968
"QC027_2","C","QC",969
"GB032322","C","Sample",970
"GB032325","C","Sample",971
"GB032332","C","Sample",972
"GB032333","C","Sample",973
"GB032336","C","Sample",974
"GB032352","C","Sample",975
"GB032358","C","Sample",976
"GB032452","C","Sample",977
"GB032456","C","Sample",978
"GB032465","C","Sample",979
"QC028_2","C","QC",980
"GB032469","C","Sample",981
"GB032470","C","Sample",982
"GB032471","C","Sample",983
"GB032524","C","Sample",984
"GB032527","C","Sample",985
"GB032559","C","Sample",986
"GB032562","C","Sample",987
"GB032580","C","Sample",988
"GB032582","C","Sample",989
"GB032585","C","Sample",990
"QC029_2","C","QC",991
"GB032586","C","Sample",992
"GB032715","C","Sample",993
"GB032719","C","Sample",994
"GB032743","C","Sample",995
"GB032746","C","Sample",996
"GB032769","C","Sample",997
"GB032775","C","Sample",998
"GB032856","C","Sample",999
"GB032892","C","Sample",1000
"GB032911","C","Sample",1001
"QC030_2","C","QC",1002
"GB005413","C","Sample",1003
"GB005442","C","Sample",1004
"GB015505","C","Sample",1005
"QC031_2","C","QC",1006
"QC000_3","D","QC",1007
"validate01_3","D","validate",1008
"GB032924","D","Sample",1009
"GB032929","D","Sample",1010
"GB032931","D","Sample",1011
"GB032964","D","Sample",1012
"GB033007","D","Sample",1013
"GB033010","D","Sample",1014
"GB033013","D","Sample",1015
"GB033014","D","Sample",1016
"GB033015","D","Sample",1017
"GB033060","D","Sample",1018
"QC001_3","D","QC",1019
"GB033077","D","Sample",1020
"GB033078","D","Sample",1021
"GB033113","D","Sample",1022
"GB033150","D","Sample",1023
"GB033157","D","Sample",1024
"GB033160","D","Sample",1025
"GB033171","D","Sample",1026
"GB033175","D","Sample",1027
"GB033239","D","Sample",1028
"QC002_3","D","QC",1029
"GB033319","D","Sample",1030
"GB033326","D","Sample",1031
"GB033331","D","Sample",1032
"GB033351","D","Sample",1033
"GB033364","D","Sample",1034
"GB033574","D","Sample",1035
"GB033577","D","Sample",1036
"GB033582","D","Sample",1037
"GB033586","D","Sample",1038
"GB033598","D","Sample",1039
"QC003_3","D","QC",1040
"GB034278","D","Sample",1041
"GB034279","D","Sample",1042
"GB034295","D","Sample",1043
"GB034301","D","Sample",1044
"GB034782","D","Sample",1045
"GB034786","D","Sample",1046
"GB034819","D","Sample",1047
"GB034824","D","Sample",1048
"GB035437","D","Sample",1049
"QC004_3","D","QC",1050
"GB035508","D","Sample",1051
"GB035670","D","Sample",1052
"GB035682","D","Sample",1053
"GB035703","D","Sample",1054
"GB035709","D","Sample",1055
"GB035840","D","Sample",1056
"GB035852","D","Sample",1057
"MG006165","D","Sample",1058
"MG006196","D","Sample",1059
"MG006221","D","Sample",1060
"QC005_3","D","QC",1061
"MG006241","D","Sample",1062
"MG006246","D","Sample",1063
"MG006247","D","Sample",1064
"MG006261","D","Sample",1065
"MG006269","D","Sample",1066
"MG006300","D","Sample",1067
"MG006312","D","Sample",1068
"MG006328","D","Sample",1069
"MG006350","D","Sample",1070
"MG006351","D","Sample",1071
"QC006_3","D","QC",1072
"MG006353","D","Sample",1073
"MG006359","D","Sample",1074
"MG006385","D","Sample",1075
"MG006390","D","Sample",1076
"MG006397","D","Sample",1077
"MG006402","D","Sample",1078
"MG006429","D","Sample",1079
"MG006458","D","Sample",1080
"MG006469","D","Sample",1081
"MG006508","D","Sample",1082
"QC007_3","D","QC",1083
"MG006516","D","Sample",1084
"MG006518","D","Sample",1085
"MG006537","D","Sample",1086
"MG006553","D","Sample",1087
"MG006557","D","Sample",1088
"MG006583","D","Sample",1089
"MG006597","D","Sample",1090
"MG006603","D","Sample",1091
"MG006612","D","Sample",1092
"QC008_3","D","QC",1093
"MG006616","D","Sample",1094
"MG006617","D","Sample",1095
"MG006662","D","Sample",1096
"MG006685","D","Sample",1097
"MG006695","D","Sample",1098
"MG006721","D","Sample",1099
"MG006734","D","Sample",1100
"MG006751","D","Sample",1101
"MG006754","D","Sample",1102
"MG006756","D","Sample",1103
"QC009_3","D","QC",1104
"MG006768","D","Sample",1105
"MG006773","D","Sample",1106
"MG006791","D","Sample",1107
"MG006821","D","Sample",1108
"MG006831","D","Sample",1109
"MG006834","D","Sample",1110
"MG006848","D","Sample",1111
"MG006858","D","Sample",1112
"MG006874","D","Sample",1113
"MG006883","D","Sample",1114
"QC010_3","D","QC",1115
"validate02_3","D","validate",1116
"MG006888","D","Sample",1117
"MG006903","D","Sample",1118
"MG006904","D","Sample",1119
"MG006922","D","Sample",1120
"MG006927","D","Sample",1121
"MG006929","D","Sample",1122
"MG006945","D","Sample",1123
"MG006958","D","Sample",1124
"MG006994","D","Sample",1125
"MG006998","D","Sample",1126
"QC011_3","D","QC",1127
"MG007006","D","Sample",1128
"MG007008","D","Sample",1129
"MG007015","D","Sample",1130
"MG007018","D","Sample",1131
"MG007032","D","Sample",1132
"MG007049","D","Sample",1133
"MG007056","D","Sample",1134
"MG007058","D","Sample",1135
"MG007064","D","Sample",1136
"MG007083","D","Sample",1137
"QC012_3","D","QC",1138
"MG007086","D","Sample",1139
"MG007119","D","Sample",1140
"MG007121","D","Sample",1141
"MG007137","D","Sample",1142
"MG007149","D","Sample",1143
"MG007152","D","Sample",1144
"MG007168","D","Sample",1145
"MG007172","D","Sample",1146
"MG007185","D","Sample",1147
"MG007189","D","Sample",1148
"QC013_3","D","QC",1149
"MG007193","D","Sample",1150
"MG007196","D","Sample",1151
"MG007199","D","Sample",1152
"MG007206","D","Sample",1153
"MG007214","D","Sample",1154
"MG007241","D","Sample",1155
"MG007253","D","Sample",1156
"MG007276","D","Sample",1157
"MG007282","D","Sample",1158
"MG007288","D","Sample",1159
"QC014_3","D","QC",1160
"MG007297","D","Sample",1161
"MG007298","D","Sample",1162
"MG007318","D","Sample",1163
"MG007320","D","Sample",1164
"MG007332","D","Sample",1165
"MG007369","D","Sample",1166
"MG007389","D","Sample",1167
"MG007397","D","Sample",1168
"MG007410","D","Sample",1169
"MG007416","D","Sample",1170
"QC015_3","D","QC",1171
"MG007425","D","Sample",1172
"MG007433","D","Sample",1173
"MG007437","D","Sample",1174
"MG007459","D","Sample",1175
"MG007469","D","Sample",1176
"MG007495","D","Sample",1177
"MG007541","D","Sample",1178
"MG007542","D","Sample",1179
"QC016_3","D","QC",1180
"MG007560","D","Sample",1181
"MG007573","D","Sample",1182
"MG007579","D","Sample",1183
"MG007581","D","Sample",1184
"MG007583","D","Sample",1185
"MG007603","D","Sample",1186
"MG007613","D","Sample",1187
"MG007632","D","Sample",1188
"MG007640","D","Sample",1189
"MG007659","D","Sample",1190
"QC017_3","D","QC",1191
"MG007676","D","Sample",1192
"MG007684","D","Sample",1193
"MG007699","D","Sample",1194
"MG007727","D","Sample",1195
"MG007747","D","Sample",1196
"MG007756","D","Sample",1197
"MG007773","D","Sample",1198
"MG007786","D","Sample",1199
"MG007789","D","Sample",1200
"MG007799","D","Sample",1201
"QC018_3","D","QC",1202
"MG007807","D","Sample",1203
"MG007814","D","Sample",1204
"MG007834","D","Sample",1205
"MG007858","D","Sample",1206
"MG007866","D","Sample",1207
"MG007870","D","Sample",1208
"MG007876","D","Sample",1209
"MG007877","D","Sample",1210
"MG007881","D","Sample",1211
"MG007882","D","Sample",1212
"QC019_3","D","QC",1213
"MG007885","D","Sample",1214
"MG007918","D","Sample",1215
"MG007925","D","Sample",1216
"MG007934","D","Sample",1217
"MG007946","D","Sample",1218
"MG007962","D","Sample",1219
"MG007985","D","Sample",1220
"MG008002","D","Sample",1221
"MG008013","D","Sample",1222
"MG008015","D","Sample",1223
"QC020_3","D","QC",1224
"validate03_3","D","validate",1225
"MG008018","D","Sample",1226
"MG008026","D","Sample",1227
"MG008042","D","Sample",1228
"MG008066","D","Sample",1229
"MG008067","D","Sample",1230
"MG008094","D","Sample",1231
"MG008097","D","Sample",1232
"MG008114","D","Sample",1233
"MG008121","D","Sample",1234
"MG008164","D","Sample",1235
"QC021_3","D","QC",1236
"MG008177","D","Sample",1237
"MG008197","D","Sample",1238
"MG008205","D","Sample",1239
"MG008208","D","Sample",1240
"MG008216","D","Sample",1241
"MG008220","D","Sample",1242
"MG008240","D","Sample",1243
"MG008249","D","Sample",1244
"MG008255","D","Sample",1245
"MG008260","D","Sample",1246
"QC022_3","D","QC",1247
"MG008262","D","Sample",1248
"MG008266","D","Sample",1249
"MG008278","D","Sample",1250
"MG008291","D","Sample",1251
"MG008294","D","Sample",1252
"MG008299","D","Sample",1253
"MG008310","D","Sample",1254
"MG008318","D","Sample",1255
"MG008320","D","Sample",1256
"MG008331","D","Sample",1257
"QC023_3","D","QC",1258
"MG008333","D","Sample",1259
"MG008341","D","Sample",1260
"MG008345","D","Sample",1261
"MG008378","D","Sample",1262
"MG008381","D","Sample",1263
"MG008395","D","Sample",1264
"MG008396","D","Sample",1265
"MG008410","D","Sample",1266
"MG008413","D","Sample",1267
"MG008433","D","Sample",1268
"QC024_3","D","QC",1269
"MG008435","D","Sample",1270
"MG008453","D","Sample",1271
"MG008455","D","Sample",1272
"MG008475","D","Sample",1273
"MG008481","D","Sample",1274
"MG008491","D","Sample",1275
"MG008510","D","Sample",1276
"MG008515","D","Sample",1277
"MG008528","D","Sample",1278
"MG008530","D","Sample",1279
"QC025_3","D","QC",1280
"MG008542","D","Sample",1281
"MG008550","D","Sample",1282
"MG008557","D","Sample",1283
"MG008563","D","Sample",1284
"MG008564","D","Sample",1285
"MG008575","D","Sample",1286
"MG008591","D","Sample",1287
"MG008622","D","Sample",1288
"MG008626","D","Sample",1289
"MG008637","D","Sample",1290
"QC026_3","D","QC",1291
"MG008639","D","Sample",1292
"MG008644","D","Sample",1293
"GB002419","D","Sample",1294
"GB033147","D","Sample",1295
"GB034275","D","Sample",1296
"MG006513","D","Sample",1297
"MG007524","D","Sample",1298
"QC027_3","D","QC",1299
